Country,Year,No. of cases_estimated,No. of deaths_estimated,No. of cases_median,No. of cases_min,No. of cases_max,No. of deaths_median,No. of deaths_min,No. of deaths_max,WHO Region,No. of cases_reported,No. of deaths_reported,No. of cases
Algeria,2017,0,0,0,0.0,0.0,0,0.0,0.0,Africa,0.0,0.0,0.0
Angola,2017,4615605[3106000-6661000],13316[9970-16600],4615605,3106000.0,6661000.0,13316,9970.0,16600.0,Africa,3874892.0,13967.0,228.91
Benin,2017,4111699[2774000-6552000],7328[5740-8920],4111699,2774000.0,6552000.0,7328,5740.0,8920.0,Africa,1573163.0,2182.0,399.56
Botswana,2017,2989[2300-4200],7[0-20],2989,2300.0,4200.0,7,0.0,20.0,Africa,1900.0,17.0,2.05
Burkina Faso,2017,7907562[5645000-11330000],27791[25100-30500],7907562,5645000.0,11330000.0,27791,25100.0,30500.0,Africa,10225459.0,4144.0,399.94
Burundi,2017,2113066[1284000-3401000],5253[4300-6200],2113066,1284000.0,3401000.0,5253,4300.0,6200.0,Africa,7670177.0,4414.0,250.27
Cabo Verde,2017,423,1,423,423.0,423.0,1,1.0,1.0,Africa,423.0,2.0,3.03
Cameroon,2017,7307515[4704000-11030000],11566[8900-14200],7307515,4704000.0,11030000.0,11566,8900.0,14200.0,Africa,1191257.0,3195.0,262.23
Central African Republic,2017,1804550[777000-3363000],4804[3980-5640],1804550,777000.0,3363000.0,4804,3980.0,5640.0,Africa,383309.0,3689.0,347.33
Chad,2017,2779489[1449000-4832000],8729[6640-10800],2779489,1449000.0,4832000.0,8729,6640.0,10800.0,Africa,1962372.0,2088.0,172.3
Comoros,2017,3230,8[0-10],3230,3230.0,3230.0,8,0.0,10.0,Africa,2274.0,3.0,3.97
Côte d'Ivoire,2017,3373486[1847000-5475000],9579[8090-11100],3373486,1847000.0,5475000.0,9579,8090.0,11100.0,Africa,3274683.0,3222.0,362.36
Democratic Republic of the Congo,2017,25021891[15670000-38570000],46007[35400-56600],25021891,15670000.0,38570000.0,46007,35400.0,56600.0,Africa,15176927.0,27458.0,329.13
Equatorial Guinea,2017,435143[269000-653000],669[530-810],435143,269000.0,653000.0,669,530.0,810.0,Africa,15725.0,0.0,285.72
Eritrea,2017,115928[75000-162000],222[10-460],115928,75000.0,162000.0,222,10.0,460.0,Africa,31486.0,8.0,33.97
Eswatini,2017,724,1[0-2],724,724.0,724.0,1,0.0,2.0,Africa,724.0,20.0,2.3
Ethiopia,2017,2666954[538000-6277000],5369[80-16700],2666954,538000.0,6277000.0,5369,80.0,16700.0,Africa,1530739.0,356.0,36.74
Gabon,2017,341980[145000-651000],505[450-560],341980,145000.0,651000.0,505,450.0,560.0,Africa,35244.0,218.0,254.24
Gambia,2017,119044[96000-144000],674[580-760],119044,96000.0,144000.0,674,580.0,760.0,Africa,69931.0,54.0,53.02
Ghana,2017,7805045[5031000-11880000],10917[10100-11800],7805045,5031000.0,11880000.0,10917,10100.0,11800.0,Africa,4348694.0,599.0,212.56
Guinea,2017,4282165[2858000-6083000],7562[6180-8950],4282165,2858000.0,6083000.0,7562,6180.0,8950.0,Africa,1335323.0,1174.0,311.53
Guinea-Bissau,2017,107972[40000-263000],688[590-780],107972,40000.0,263000.0,688,590.0,780.0,Africa,89784.0,296.0,78.33
Kenya,2017,3520384[1970000-5860000],12467[11200-13700],3520384,1970000.0,5860000.0,12467,11200.0,13700.0,Africa,3215116.0,0.0,70.1
Liberia,2017,911333[423000-1571000],2227[1910-2540],911333,423000.0,1571000.0,2227,1910.0,2540.0,Africa,0.0,758.0,401.11
Madagascar,2017,2324289[1740000-2992000],5950[190-11200],2324289,1740000.0,2992000.0,5950,190.0,11200.0,Africa,800661.0,370.0,75.67
Malawi,2017,4303543[2707000-6366000],7077[6060-8090],4303543,2707000.0,6366000.0,7077,6060.0,8090.0,Africa,4901344.0,3613.0,216.26
Mali,2017,7160192[5060000-10180000],12425[9870-15000],7160192,5060000.0,10180000.0,12425,9870.0,15000.0,Africa,1918376.0,1050.0,386.78
Mauritania,2017,238272[95000-445000],1421[1230-1610],238272,95000.0,445000.0,1421,1230.0,1610.0,Africa,20105.0,67.0,55.49
Mozambique,2017,10025823[7360000-13570000],14713[12200-17200],10025823,7360000.0,13570000.0,14713,12200.0,17200.0,Africa,8921081.0,1114.0,326.4
Namibia,2017,89611[71000-109000],229[7-420],89611,71000.0,109000.0,229,7.0,420.0,Africa,54268.0,104.0,46.75
Niger,2017,7702777[4039000-12850000],17155[13000-21300],7702777,4039000.0,12850000.0,17155,13000.0,21300.0,Africa,2638580.0,2316.0,356.57
Nigeria,2017,53667565[36330000-75930000],81640[64400-98800],53667565,36330000.0,75930000.0,81640,64400.0,98800.0,Africa,11571958.0,0.0,283.06
Rwanda,2017,6172220[4689000-7718000],3270[2990-3550],6172220,4689000.0,7718000.0,3270,2990.0,3550.0,Africa,1876123.0,376.0,538.34
Sao Tome and Principe,2017,2239,0,2239,2239.0,2239.0,0,0.0,0.0,Africa,2239.0,1.0,10.81
Senegal,2017,1024285[701000-1384000],4523[4060-4980],1024285,701000.0,1384000.0,4523,4060.0,4980.0,Africa,395706.0,284.0,52.35
Sierra Leone,2017,2869588[1954000-4250000],17590[16200-19000],2869588,1954000.0,4250000.0,17590,16200.0,19000.0,Africa,1651236.0,1298.0,364.13
South Africa,2017,22517,274,22517,22517.0,22517.0,274,274.0,274.0,Africa,22061.0,301.0,3.95
South Sudan,2017,1781704[1055000-2799000],6069[5220-6920],1781704,1055000.0,2799000.0,6069,5220.0,6920.0,Africa,1488005.0,3483.0,245.8
Togo,2017,2891868[2015000-4257000],5341[4360-6330],2891868,2015000.0,4257000.0,5341,4360.0,6330.0,Africa,1209034.0,995.0,278.2
Uganda,2017,8600724[5168000-13630000],14390[11800-16900],8600724,5168000.0,13630000.0,14390,11800.0,16900.0,Africa,11667831.0,5111.0,336.76
United Republic of Tanzania,2017,6477825[4140000-9717000],22301[19800-24800],6477825,4140000.0,9717000.0,22301,19800.0,24800.0,Africa,5354486.0,3685.0,123.96
Zambia,2017,3475522[2492000-4899000],7618[6600-8630],3475522,2492000.0,4899000.0,7618,6600.0,8630.0,Africa,5505639.0,1425.0,160.05
Zimbabwe,2017,1239430[826000-1737000],3172[90-6410],1239430,826000.0,1737000.0,3172,90.0,6410.0,Africa,315624.0,527.0,108.55
Algeria,2016,0,0,0,0.0,0.0,0,0.0,0.0,Africa,0.0,0.0,0.0
Angola,2016,4485050[3010000-6468000],13197[9840-16600],4485050,3010000.0,6468000.0,13197,9840.0,16600.0,Africa,3794253.0,15997.0,219.99
Benin,2016,4007210[2703000-6376000],7137[5570-8710],4007210,2703000.0,6376000.0,7137,5570.0,8710.0,Africa,1324576.0,1646.0,421.58
Botswana,2016,1150[890-1600],2[0-5],1150,890.0,1600.0,2,0.0,5.0,Africa,716.0,3.0,0.81
Burkina Faso,2016,7675183[5478000-11000000],28453[25600-31400],7675183,5478000.0,11000000.0,28453,25600.0,31400.0,Africa,9779154.0,3974.0,401.73
Burundi,2016,2053294[1247000-3303000],5161[4220-6100],2053294,1247000.0,3303000.0,5161,4220.0,6100.0,Africa,8274062.0,5853.0,225.74
Cabo Verde,2016,48,1,48,48.0,48.0,1,1.0,1.0,Africa,48.0,1.0,0.35
Cameroon,2016,7176158[4625000-10820000],11999[9230-14800],7176158,4625000.0,10820000.0,11999,9230.0,14800.0,Africa,1675264.0,2639.0,264.31
Central African Republic,2016,1780632[762000-3310000],4998[4130-5870],1780632,762000.0,3310000.0,4998,4130.0,5870.0,Africa,1032764.0,2668.0,362.02
Chad,2016,2689908[1404000-4670000],8900[6730-11100],2689908,1404000.0,4670000.0,8900,6730.0,11100.0,Africa,1294768.0,1686.0,169.93
Comoros,2016,1143,2[0-4],1143,1143.0,1143.0,2,0.0,4.0,Africa,1066.0,0.0,1.44
Côte d'Ivoire,2016,3319810[1802000-5391000],9579[8080-11100],3319810,1802000.0,5391000.0,9579,8080.0,11100.0,Africa,3471024.0,3340.0,354.66
Democratic Republic of the Congo,2016,24454696[15330000-37700000],46408[35600-57200],24454696,15330000.0,37700000.0,46408,35600.0,57200.0,Africa,15330841.0,33997.0,322.77
Equatorial Guinea,2016,427357[264000-642000],728[580-880],427357,264000.0,642000.0,728,580.0,880.0,Africa,147714.0,109.0,306.97
Eritrea,2016,86561[47000-138000],198[7-440],86561,47000.0,138000.0,198,7.0,440.0,Africa,24251.0,21.0,25.64
Eswatini,2016,350,0[0-1],350,350.0,350.0,0,0.0,1.0,Africa,350.0,3.0,1.12
Ethiopia,2016,2927266[525000-6983000],5705[80-17900],2927266,525000.0,6983000.0,5705,80.0,17900.0,Africa,1718504.0,510.0,41.41
Gabon,2016,334796[142000-637000],502[440-560],334796,142000.0,637000.0,502,440.0,560.0,Africa,23915.0,101.0,270.67
Gambia,2016,253981[204000-307000],667[580-760],253981,204000.0,307000.0,667,580.0,760.0,Africa,153774.0,79.0,116.53
Ghana,2016,7652909[4966000-11680000],11223[10300-12200],7652909,4966000.0,11680000.0,11223,10300.0,12200.0,Africa,4535167.0,1264.0,236.0
Guinea,2016,4197876[2801000-5973000],7962[6480-9460],4197876,2801000.0,5973000.0,7962,6480.0,9460.0,Africa,992146.0,867.0,331.47
Guinea-Bissau,2016,105441[39000-257000],684[590-780],105441,39000.0,257000.0,684,590.0,780.0,Africa,150903.0,191.0,71.35
Kenya,2016,3452117[1921000-5768000],12419[11100-13700],3452117,1921000.0,5768000.0,12419,11100.0,13700.0,Africa,2783846.0,603.0,70.38
Liberia,2016,898524[417000-1550000],2213[1890-2530],898524,417000.0,1550000.0,2213,1890.0,2530.0,Africa,1191137.0,1259.0,386.3
Madagascar,2016,1692049[1241000-2231000],4331[140-8280],1692049,1241000.0,2231000.0,4331,140.0,8280.0,Africa,475333.0,443.0,56.58
Malawi,2016,4223467[2647000-6235000],7177[6110-8250],4223467,2647000.0,6235000.0,7177,6110.0,8250.0,Africa,4827373.0,4000.0,210.66
Mali,2016,6902717[4871000-9821000],13974[11100-16900],6902717,4871000.0,9821000.0,13974,11100.0,16900.0,Africa,2156282.0,1344.0,384.22
Mauritania,2016,298498[138000-540000],1402[1210-1590],298498,138000.0,540000.0,1402,1210.0,1590.0,Africa,23042.0,315.0,71.5
Mozambique,2016,9753050[7163000-13210000],15269[12600-17900],9753050,7163000.0,13210000.0,15269,12600.0,17900.0,Africa,8520376.0,1685.0,344.82
Namibia,2016,41608[33000-51000],106[3-190],41608,33000.0,51000.0,106,3.0,190.0,Africa,25198.0,65.0,22.12
Niger,2016,7457829[3910000-12420000],18226[13800-22700],7457829,3910000.0,12420000.0,18226,13800.0,22700.0,Africa,4148167.0,2226.0,358.74
Nigeria,2016,52357005[35450000-74040000],90378[71100-110000],52357005,35450000.0,74040000.0,90378,71100.0,110000.0,Africa,9234387.0,0.0,281.38
Rwanda,2016,6608358[5020000-8268000],3242[2950-3530],6608358,5020000.0,8268000.0,3242,2950.0,3530.0,Africa,3380568.0,715.0,585.54
Sao Tome and Principe,2016,2238,0,2238,2238.0,2238.0,0,0.0,0.0,Africa,2238.0,0.0,11.01
Senegal,2016,836561[574000-1124000],4475[4000-4950],836561,574000.0,1124000.0,4475,4000.0,4950.0,Africa,349540.0,325.0,45.66
Sierra Leone,2016,2796045[1904000-4132000],17550[16100-19000],2796045,1904000.0,4132000.0,17550,16100.0,19000.0,Africa,1775306.0,1345.0,391.33
South Africa,2016,4323,34,4323,4323.0,4323.0,34,34.0,34.0,Africa,4323.0,34.0,0.77
South Sudan,2016,1739256[1030000-2735000],5821[5010-6630],1739256,1030000.0,2735000.0,5821,5010.0,6630.0,Africa,0.0,0.0,244.55
Togo,2016,2862933[1997000-4209000],5381[4370-6380],2862933,1997000.0,4209000.0,5381,4370.0,6380.0,Africa,1183265.0,847.0,324.86
Uganda,2016,8425793[5051000-13370000],14101[11600-16600],8425793,5051000.0,13370000.0,14101,11600.0,16600.0,Africa,9385132.0,5635.0,304.41
United Republic of Tanzania,2016,6317222[4017000-9481000],21981[19500-24500],6317222,4017000.0,9481000.0,21981,19500.0,24500.0,Africa,5193520.0,5046.0,123.57
Zambia,2016,3387771[2422000-4776000],7588[6540-8630],3387771,2422000.0,4776000.0,7588,6540.0,8630.0,Africa,4851319.0,1827.0,181.39
Zimbabwe,2016,740192[501000-1009000],1894[60-3800],740192,501000.0,1009000.0,1894,60.0,3800.0,Africa,279988.0,351.0,65.78
Algeria,2015,0,0,0,0.0,0.0,0,0.0,0.0,Africa,0.0,0.0,0.0
Angola,2015,4303582[2882000-6212000],13046[9640-16400],4303582,2882000.0,6212000.0,13046,9640.0,16400.0,Africa,2769305.0,7832.0,199.99
Benin,2015,3787806[2518000-6071000],6872[5340-8410],3787806,2518000.0,6071000.0,6872,5340.0,8410.0,Africa,1268347.0,1416.0,411.82
Botswana,2015,519[400-730],1[0-2],519,400.0,730.0,1,0.0,2.0,Africa,326.0,5.0,0.37
Burkina Faso,2015,7770245[5534000-11050000],29833[26500-33100],7770245,5534000.0,11050000.0,29833,26500.0,33100.0,Africa,7015446.0,5379.0,400.09
Burundi,2015,1957365[1186000-3159000],5044[4110-5980],1957365,1186000.0,3159000.0,5044,4110.0,5980.0,Africa,5159706.0,3799.0,165.5
Cabo Verde,2015,7,0,7,7.0,7.0,0,0.0,0.0,Africa,7.0,0.0,0.05
Cameroon,2015,7223417[4647000-10940000],12445[9580-15300],7223417,4647000.0,10940000.0,12445,9580.0,15300.0,Africa,1162784.0,3440.0,254.5
Central African Republic,2015,1758188[754000-3277000],5289[4350-6220],1758188,754000.0,3277000.0,5289,4350.0,6220.0,Africa,598833.0,1763.0,379.91
Chad,2015,2690084[1407000-4633000],9206[6950-11500],2690084,1407000.0,4633000.0,9206,6950.0,11500.0,Africa,787046.0,1572.0,167.28
Comoros,2015,1300,3[0-5],1300,1300.0,1300.0,3,0.0,5.0,Africa,1300.0,1.0,1.67
Côte d'Ivoire,2015,3395695[1860000-5510000],9800[8220-11400],3395695,1860000.0,5510000.0,9800,8220.0,11400.0,Africa,3375904.0,2604.0,320.04
Democratic Republic of the Congo,2015,24159871[15210000-37230000],46276[35500-57000],24159871,15210000.0,37230000.0,46276,35500.0,57000.0,Africa,11627473.0,39054.0,308.83
Equatorial Guinea,2015,418770[259000-628000],807[640-970],418770,259000.0,628000.0,807,640.0,970.0,Africa,15142.0,28.0,339.48
Eritrea,2015,64176[41000-89000],129[6-270],64176,41000.0,89000.0,129,6.0,270.0,Africa,19372.0,12.0,19.2
Eswatini,2015,157,0,157,157.0,157.0,0,0.0,0.0,Africa,157.0,5.0,0.51
Ethiopia,2015,3632424[520000-9265000],6795[80-22700],3632424,520000.0,9265000.0,6795,80.0,22700.0,Africa,1867059.0,662.0,52.77
Gabon,2015,333155[143000-631000],498[440-560],333155,143000.0,631000.0,498,440.0,560.0,Africa,23867.0,309.0,284.44
Gambia,2015,412588[333000-501000],659[570-750],412588,333000.0,501000.0,659,570.0,750.0,Africa,240382.0,167.0,195.04
Ghana,2015,7513657[4861000-11440000],11749[10600-12900],7513657,4861000.0,11440000.0,11749,10600.0,12900.0,Africa,4319919.0,2137.0,277.19
Guinea,2015,4205085[2811000-5957000],8542[6900-10200],4205085,2811000.0,5957000.0,8542,6900.0,10200.0,Africa,810979.0,846.0,356.64
Guinea-Bissau,2015,106338[40000-258000],661[570-760],106338,40000.0,258000.0,661,570.0,760.0,Africa,142309.0,477.0,79.77
Kenya,2015,3455175[1921000-5783000],12331[11000-13600],3455175,1921000.0,5783000.0,12331,11000.0,13600.0,Africa,1499027.0,15061.0,72.17
Liberia,2015,903748[427000-1559000],2158[1840-2470],903748,427000.0,1559000.0,2158,1840.0,2470.0,Africa,931086.0,1379.0,346.97
Madagascar,2015,2840141[2078000-3761000],7270[230-14000],2840141,2078000.0,3761000.0,7270,230.0,14000.0,Africa,744103.0,841.0,97.32
Malawi,2015,4102579[2573000-6068000],7384[6240-8530],4102579,2573000.0,6068000.0,7384,6240.0,8530.0,Africa,3661238.0,3799.0,217.04
Mali,2015,6833022[4836000-9683000],16151[12700-19600],6833022,4836000.0,9683000.0,16151,12700.0,19600.0,Africa,2295611.0,1544.0,391.83
Mauritania,2015,249961[100000-467000],1383[1190-1570],249961,100000.0,467000.0,1383,1190.0,1570.0,Africa,22631.0,39.0,61.61
Mozambique,2015,9496089[6976000-12850000],15985[13100-18900],9496089,6976000.0,12850000.0,15985,13100.0,18900.0,Africa,7718782.0,2467.0,355.88
Namibia,2015,20092[16000-24000],51[1-90],20092,16000.0,24000.0,51,1.0,90.0,Africa,12168.0,45.0,10.88
Niger,2015,7397212[3902000-12230000],18769[14200-23300],7397212,3902000.0,12230000.0,18769,14200.0,23300.0,Africa,2272000.0,2778.0,369.83
Nigeria,2015,52697962[35940000-74500000],98478[77400-120000],52697962,35940000.0,74500000.0,98478,77400.0,120000.0,Africa,6850782.0,0.0,296.08
Rwanda,2015,3799535[2887000-4747000],3218[2910-3530],3799535,2887000.0,4747000.0,3218,2910.0,3530.0,Africa,2505794.0,516.0,341.96
Sao Tome and Principe,2015,2058,0,2058,2058.0,2058.0,0,0.0,0.0,Africa,2058.0,0.0,10.32
Senegal,2015,1176494[798000-1591000],4424[3940-4910],1176494,798000.0,1591000.0,4424,3940.0,4910.0,Africa,492253.0,526.0,69.8
Sierra Leone,2015,2727461[1860000-4045000],17700[16100-19300],2727461,1860000.0,4045000.0,17700,16100.0,19300.0,Africa,1483376.0,1107.0,403.72
South Africa,2015,1157,110,1157,1157.0,1157.0,110,110.0,110.0,Africa,555.0,110.0,0.21
South Sudan,2015,1805509[1081000-2834000],5570[4790-6340],1805509,1081000.0,2834000.0,5570,4790.0,6340.0,Africa,0.0,0.0,240.36
Togo,2015,2800982[1943000-4129000],5268[4290-6250],2800982,1943000.0,4129000.0,5268,4290.0,6250.0,Africa,1113927.0,1205.0,364.31
Uganda,2015,8182789[4914000-12970000],13809[11300-16300],8182789,4914000.0,12970000.0,13809,11300.0,16300.0,Africa,7137662.0,6100.0,236.11
United Republic of Tanzania,2015,6085465[3870000-9136000],21662[19100-24200],6085465,3870000.0,9136000.0,21662,19100.0,24200.0,Africa,4241364.0,6313.0,121.74
Zambia,2015,3347169[2398000-4710000],7526[6470-8580],3347169,2398000.0,4710000.0,7526,6470.0,8580.0,Africa,4184661.0,2389.0,202.55
Zimbabwe,2015,1081888[739000-1465000],2769[80-5480],1081888,739000.0,1465000.0,2769,80.0,5480.0,Africa,391651.0,200.0,97.65
Algeria,2014,0,0,0,0.0,0.0,0,0.0,0.0,Africa,0.0,0.0,0.0
Angola,2014,3768087[2485000-5526000],12763[9410-16100],3768087,2485000.0,5526000.0,12763,9410.0,16100.0,Africa,2298979.0,5714.0,187.94
Benin,2014,3387590[2299000-5154000],6709[5190-8220],3387590,2299000.0,5154000.0,6709,5190.0,8220.0,Africa,1044235.0,1869.0,399.24
Botswana,2014,2065[1600-2900],5[0-10],2065,1600.0,2900.0,5,0.0,10.0,Africa,1346.0,22.0,1.5
Burkina Faso,2014,8258938[5941000-11230000],31910[28100-35700],8258938,5941000.0,11230000.0,31910,28100.0,35700.0,Africa,5428655.0,5632.0,436.06
Burundi,2014,1688069[999000-2680000],4964[4030-5900],1688069,999000.0,2680000.0,4964,4030.0,5900.0,Africa,4585273.0,2974.0,141.51
Cabo Verde,2014,26,2,26,26.0,26.0,2,2.0,2.0,Africa,26.0,1.0,0.19
Cameroon,2014,7282873[4754000-11060000],12638[9710-15500],7282873,4754000.0,11060000.0,12638,9710.0,15500.0,Africa,0.0,4398.0,244.08
Central African Republic,2014,1786895[746000-3255000],5668[4640-6690],1786895,746000.0,3255000.0,5668,4640.0,6690.0,Africa,295088.0,635.0,393.04
Chad,2014,2797275[1513000-4737000],9749[7350-12200],2797275,1513000.0,4737000.0,9749,7350.0,12200.0,Africa,914032.0,1720.0,170.27
Comoros,2014,2203,5[0-8],2203,2203.0,2203.0,5,0.0,8.0,Africa,2203.0,0.0,2.9
Côte d'Ivoire,2014,3592810[2104000-5852000],9793[8200-11400],3592810,2104000.0,5852000.0,9793,8200.0,11400.0,Africa,3712831.0,4069.0,315.07
Democratic Republic of the Congo,2014,23031390[14630000-35610000],46449[35600-57300],23031390,14630000.0,35610000.0,46449,35600.0,57300.0,Africa,9968983.0,25502.0,308.39
Equatorial Guinea,2014,413388[252000-626000],919[730-1110],413388,252000.0,626000.0,919,730.0,1110.0,Africa,20417.0,0.0,360.95
Eritrea,2014,109689[70000-153000],227[10-470],109689,70000.0,153000.0,227,10.0,470.0,Africa,30768.0,15.0,33.12
Eswatini,2014,711,1[0-2],711,711.0,711.0,1,0.0,2.0,Africa,711.0,0.0,2.32
Ethiopia,2014,3825848[430000-10260000],6694[60-24000],3825848,430000.0,10260000.0,6694,60.0,24000.0,Africa,2118815.0,213.0,57.1
Gabon,2014,341474[139000-642000],490[430-550],341474,139000.0,642000.0,490,430.0,550.0,Africa,31900.0,159.0,285.74
Gambia,2014,291528[235000-354000],652[560-750],291528,235000.0,354000.0,652,560.0,750.0,Africa,166229.0,170.0,142.02
Ghana,2014,8113023[5384000-12160000],12625[11300-14000],8113023,5384000.0,12160000.0,12625,11300.0,14000.0,Africa,3415912.0,2200.0,315.77
Guinea,2014,4255458[2833000-5892000],9428[7580-11300],4255458,2833000.0,5892000.0,9428,7580.0,11300.0,Africa,660207.0,1067.0,381.09
Guinea-Bissau,2014,103918[38000-239000],660[560-760],103918,38000.0,239000.0,660,560.0,760.0,Africa,93431.0,357.0,93.9
Kenya,2014,3916556[2205000-6574000],12242[10900-13600],3916556,2205000.0,6574000.0,12242,10900.0,13600.0,Africa,2808931.0,472.0,83.87
Liberia,2014,877199[421000-1502000],2176[1850-2500],877199,421000.0,1502000.0,2176,1850.0,2500.0,Africa,864204.0,2288.0,337.57
Madagascar,2014,1303958[940000-1752000],3338[100-6560],1303958,940000.0,1752000.0,3338,100.0,6560.0,Africa,377963.0,551.0,45.78
Malawi,2014,4161861[2743000-6007000],7737[6490-8990],4161861,2743000.0,6007000.0,7737,6490.0,8990.0,Africa,2905310.0,4490.0,237.0
Mali,2014,7468113[5359000-10370000],18224[14300-22100],7468113,5359000.0,10370000.0,18224,14300.0,22100.0,Africa,2039853.0,2309.0,441.01
Mauritania,2014,193933[69000-376000],1355[1160-1550],193933,69000.0,376000.0,1355,1160.0,1550.0,Africa,15835.0,19.0,49.2
Mozambique,2014,9425097[6967000-12880000],16804[13700-19900],9425097,6967000.0,12880000.0,16804,13700.0,19900.0,Africa,7117648.0,3245.0,364.83
Namibia,2014,26278[21000-32000],67[2-120],26278,21000.0,32000.0,67,2.0,120.0,Africa,15914.0,61.0,14.49
Niger,2014,7700900[4169000-12400000],20025[15100-24900],7700900,4169000.0,12400000.0,20025,15100.0,24900.0,Africa,1953309.0,2691.0,400.25
Nigeria,2014,59365039[41180000-81580000],107843[84600-131000],59365039,41180000.0,81580000.0,107843,84600.0,131000.0,Africa,7826954.0,6082.0,314.4
Rwanda,2014,2405272[1826000-3011000],3202[2880-3530],2405272,1826000.0,3011000.0,3202,2880.0,3530.0,Africa,1610812.0,496.0,219.81
Sao Tome and Principe,2014,1754,0,1754,1754.0,1754.0,0,0.0,0.0,Africa,1754.0,0.0,8.96
Senegal,2014,673074[498000-869000],4364[3870-4860],673074,498000.0,869000.0,4364,3870.0,4860.0,Africa,268912.0,500.0,39.51
Sierra Leone,2014,2683566[1754000-4004000],18143[16400-19900],2683566,1754000.0,4004000.0,18143,16400.0,19900.0,Africa,1374476.0,2848.0,409.31
South Africa,2014,11705,174,11705,11705.0,11705.0,174,174.0,174.0,Africa,11705.0,174.0,2.15
South Sudan,2014,1668785[970000-2686000],5321[4580-6060],1668785,970000.0,2686000.0,5321,4580.0,6060.0,Africa,71377.0,0.0,236.14
Togo,2014,2626144[1814000-3785000],4933[4020-5850],2626144,1814000.0,3785000.0,4933,4020.0,5850.0,Africa,1130251.0,1205.0,384.68
Uganda,2014,7040282[4174000-11000000],14003[11400-16600],7040282,4174000.0,11000000.0,14003,11400.0,16600.0,Africa,3631939.0,5921.0,220.62
United Republic of Tanzania,2014,5927919[3724000-8923000],21330[18800-23900],5927919,3724000.0,8923000.0,21330,18800.0,23900.0,Africa,680442.0,5373.0,118.94
Zambia,2014,3534876[2468000-4925000],7451[6380-8530],3534876,2468000.0,4925000.0,7451,6380.0,8530.0,Africa,4077547.0,3257.0,222.98
Zimbabwe,2014,1093731[812000-1394000],2799[90-5290],1093731,812000.0,1394000.0,2799,90.0,5290.0,Africa,535931.0,406.0,101.89
Algeria,2013,8,0,8,8.0,8.0,0,0.0,0.0,Africa,8.0,0.0,0.0
Angola,2013,3384997[2191000-4970000],12399[9070-15700],3384997,2191000.0,4970000.0,12399,9070.0,15700.0,Africa,1999868.0,7300.0,180.9
Benin,2013,3219441[2175000-4744000],6633[5130-8140],3219441,2175000.0,4744000.0,6633,5130.0,8140.0,Africa,1078834.0,2288.0,395.0
Botswana,2013,725[570-1000],1[0-3],725,570.0,1000.0,1,0.0,3.0,Africa,456.0,7.0,0.53
Burkina Faso,2013,8736057[6232000-11820000],33414[29200-37600],8736057,6232000.0,11820000.0,33414,29200.0,37600.0,Africa,3769051.0,6294.0,487.52
Burundi,2013,1539318[911000-2416000],4857[3930-5790],1539318,911000.0,2416000.0,4857,3930.0,5790.0,Africa,4141387.0,3411.0,140.59
Cabo Verde,2013,22,0,22,22.0,22.0,0,0.0,0.0,Africa,22.0,0.0,0.17
Cameroon,2013,6960282[4546000-10510000],12484[9620-15400],6960282,4546000.0,10510000.0,12484,9620.0,15400.0,Africa,26651.0,4349.0,243.04
Central African Republic,2013,1885599[804000-3320000],6106[4990-7220],1885599,804000.0,3320000.0,6106,4990.0,7220.0,Africa,116300.0,1026.0,406.82
Chad,2013,2947833[1699000-4685000],10632[8000-13300],2947833,1699000.0,4685000.0,10632,8000.0,13300.0,Africa,754565.0,1881.0,179.35
Comoros,2013,53156,134[5-210],53156,53156.0,53156.0,134,5.0,210.0,Africa,53156.0,15.0,71.69
Côte d'Ivoire,2013,4332409[2601000-6860000],10871[9020-12700],4332409,2601000.0,6860000.0,10871,9020.0,12700.0,Africa,2506953.0,3261.0,338.87
Democratic Republic of the Congo,2013,22488362[14430000-34870000],46747[35800-57600],22488362,14430000.0,34870000.0,46747,35800.0,57600.0,Africa,6715223.0,30918.0,327.62
Equatorial Guinea,2013,496542[308000-725000],1017[810-1220],496542,308000.0,725000.0,1017,810.0,1220.0,Africa,13129.0,66.0,365.75
Eritrea,2013,49309[31000-70000],88[5-180],49309,31000.0,70000.0,88,5.0,180.0,Africa,21317.0,6.0,15.03
Eswatini,2013,962,2[0-3],962,962.0,962.0,2,0.0,3.0,Africa,962.0,4.0,3.16
Ethiopia,2013,5173952[420000-21680000],9520[50-50800],5173952,420000.0,21680000.0,9520,50.0,50800.0,Africa,2645454.0,358.0,111.6
Gabon,2013,339163[134000-622000],478[420-540],339163,134000.0,622000.0,478,420.0,540.0,Africa,28982.0,273.0,272.83
Gambia,2013,471968[377000-575000],644[550-740],471968,377000.0,575000.0,644,550.0,740.0,Africa,240792.0,262.0,236.99
Ghana,2013,8552123[5764000-12670000],13686[12100-15300],8552123,5764000.0,12670000.0,13686,12100.0,15300.0,Africa,1639451.0,2506.0,349.28
Guinea,2013,4344956[3003000-5922000],10278[8220-12300],4344956,3003000.0,5922000.0,10278,8220.0,12300.0,Africa,211257.0,108.0,408.08
Guinea-Bissau,2013,102461[39000-216000],657[560-760],102461,39000.0,216000.0,657,560.0,760.0,Africa,54584.0,418.0,113.39
Kenya,2013,3754660[2110000-6328000],12111[10700-13500],3754660,2110000.0,6328000.0,12111,10700.0,13500.0,Africa,2335286.0,360.0,82.48
Liberia,2013,907189[483000-1425000],2208[1870-2540],907189,483000.0,1425000.0,2208,1870.0,2540.0,Africa,1244220.0,1191.0,317.28
Madagascar,2013,1813487[1184000-2781000],4642[140-10000],1813487,1184000.0,2781000.0,4642,140.0,10000.0,Africa,385598.0,641.0,65.21
Malawi,2013,4169285[2817000-6014000],8161[6790-9530],4169285,2817000.0,6014000.0,8161,6790.0,9530.0,Africa,1280892.0,3723.0,267.86
Mali,2013,7448756[5311000-10230000],19765[15500-24100],7448756,5311000.0,10230000.0,19765,15500.0,24100.0,Africa,1367218.0,1680.0,452.82
Mauritania,2013,127145[38000-263000],1296[1110-1480],127145,38000.0,263000.0,1296,1110.0,1480.0,Africa,13085.0,46.0,33.22
Mozambique,2013,9644363[7129000-13080000],17334[14100-20600],9644363,7129000.0,13080000.0,17334,14100.0,20600.0,Africa,2998874.0,2941.0,376.98
Namibia,2013,8109[6500-9900],20[0-40],8109,6500.0,9900.0,20,0.0,40.0,Africa,4911.0,21.0,4.55
Niger,2013,7780901[4452000-12230000],21180[16000-26400],7780901,4452000.0,12230000.0,21180,16000.0,26400.0,Africa,2353422.0,2209.0,420.49
Nigeria,2013,62020888[43310000-84840000],116472[91200-142000],62020888,43310000.0,84840000.0,116472,91200.0,142000.0,Africa,0.0,7878.0,328.65
Rwanda,2013,1304560[1093000-1531000],3200[2850-3550],1304560,1093000.0,1531000.0,3200,2850.0,3550.0,Africa,962618.0,409.0,121.45
Sao Tome and Principe,2013,9243,11,9243,9243.0,9243.0,11,11.0,11.0,Africa,9243.0,11.0,48.12
Senegal,2013,1126085[782000-1484000],4252[3760-4740],1126085,782000.0,1484000.0,4252,3760.0,4740.0,Africa,366687.0,815.0,67.9
Sierra Leone,2013,2717309[1808000-4035000],19129[17100-21200],2717309,1808000.0,4035000.0,19129,17100.0,21200.0,Africa,1701958.0,4326.0,432.7
South Africa,2013,8645,105,8645,8645.0,8645.0,105,105.0,105.0,Africa,8645.0,105.0,1.61
South Sudan,2013,1707171[1007000-2741000],5075[4370-5780],1707171,1007000.0,2741000.0,5075,4370.0,5780.0,Africa,262520.0,1311.0,234.38
Togo,2013,2484119[1690000-3568000],4689[3820-5560],2484119,1690000.0,3568000.0,4689,3820.0,5560.0,Africa,882430.0,1361.0,385.39
Uganda,2013,7407982[4431000-11680000],14254[11600-16900],7407982,4431000.0,11680000.0,14254,11600.0,16900.0,Africa,1502362.0,7277.0,254.24
United Republic of Tanzania,2013,5792430[3646000-8693000],20990[18400-23600],5792430,3646000.0,8693000.0,20990,18400.0,23600.0,Africa,1551923.0,8528.0,111.78
Zambia,2013,3355470[2292000-4698000],7042[6040-8040],3355470,2292000.0,4698000.0,7042,6040.0,8040.0,Africa,0.0,3548.0,225.77
Zimbabwe,2013,863883[617000-1122000],2211[70-4270],863883,617000.0,1122000.0,2211,70.0,4270.0,Africa,422633.0,352.0,81.95
Algeria,2012,55,0,55,55.0,55.0,0,0.0,0.0,Africa,55.0,0.0,0.03
Angola,2012,3111760[1964000-4531000],12437[9050-15800],3111760,1964000.0,4531000.0,12437,9050.0,15800.0,Africa,1496834.0,5736.0,174.43
Benin,2012,3307673[2272000-4869000],6940[5380-8500],3307673,2272000.0,4869000.0,6940,5380.0,8500.0,Africa,705839.0,2261.0,378.03
Botswana,2012,302[230-430],0[0-1],302,230.0,430.0,0,0.0,1.0,Africa,193.0,3.0,0.22
Burkina Faso,2012,9228345[6569000-12300000],37028[32100-42000],9228345,6569000.0,12300000.0,37028,32100.0,42000.0,Africa,3858046.0,7963.0,527.54
Burundi,2012,1501315[900000-2373000],4876[3940-5820],1501315,900000.0,2373000.0,4876,3940.0,5820.0,Africa,2151076.0,2263.0,153.93
Cabo Verde,2012,1,0,1,1.0,1.0,0,0.0,0.0,Africa,1.0,0.0,0.01
Cameroon,2012,6168031[4057000-9447000],12301[9450-15200],6168031,4057000.0,9447000.0,12301,9450.0,15200.0,Africa,0.0,3209.0,245.13
Central African Republic,2012,2023795[881000-3485000],6739[5480-7990],2023795,881000.0,3485000.0,6739,5480.0,7990.0,Africa,46759.0,1442.0,413.09
Chad,2012,3296088[2209000-4858000],11575[8700-14400],3296088,2209000.0,4858000.0,11575,8700.0,14400.0,Africa,7710.0,1359.0,195.34
Comoros,2012,49840,126[5-200],49840,49840.0,49840.0,126,5.0,200.0,Africa,49840.0,17.0,68.85
Côte d'Ivoire,2012,5908246[3700000-9477000],12502[10300-14700],5908246,3700000.0,9477000.0,12502,10300.0,14700.0,Africa,1140627.0,1534.0,396.28
Democratic Republic of the Congo,2012,22281939[14450000-34250000],48763[37300-60200],22281939,14450000.0,34250000.0,48763,37300.0,60200.0,Africa,4791598.0,21601.0,363.0
Equatorial Guinea,2012,490132[308000-709000],1067[850-1280],490132,308000.0,709000.0,1067,850.0,1280.0,Africa,15169.0,77.0,357.75
Eritrea,2012,52483[33000-75000],85[6-180],52483,33000.0,75000.0,85,6.0,180.0,Africa,21815.0,30.0,16.15
Eswatini,2012,562,1[0-2],562,562.0,562.0,1,0.0,2.0,Africa,562.0,3.0,1.86
Ethiopia,2012,5237442[424000-22450000],8816[50-46500],5237442,424000.0,22450000.0,8816,50.0,46500.0,Africa,1692578.0,1621.0,116.19
Gabon,2012,326053[145000-584000],460[400-520],326053,145000.0,584000.0,460,400.0,520.0,Africa,19753.0,134.0,245.53
Gambia,2012,531834[434000-638000],636[540-730],531834,434000.0,638000.0,636,540.0,730.0,Africa,300363.0,289.0,274.82
Ghana,2012,9004550[6128000-13160000],14403[12600-16200],9004550,6128000.0,13160000.0,14403,12600.0,16200.0,Africa,3755166.0,2855.0,374.29
Guinea,2012,4452801[3251000-6051000],11578[9200-14000],4452801,3251000.0,6051000.0,11578,9200.0,14000.0,Africa,317200.0,979.0,427.8
Guinea-Bissau,2012,102959[46000-190000],660[560-760],102959,46000.0,190000.0,660,560.0,760.0,Africa,50381.0,370.0,128.75
Kenya,2012,3252855[1862000-5394000],11990[10600-13400],3252855,1862000.0,5394000.0,11990,10600.0,13400.0,Africa,1453471.0,785.0,73.36
Liberia,2012,1033327[617000-1648000],2354[1980-2730],1033327,617000.0,1648000.0,2354,1980.0,2730.0,Africa,1407455.0,1725.0,307.9
Madagascar,2012,1824487[1126000-2899000],4670[130-10400],1824487,1126000.0,2899000.0,4670,130.0,10400.0,Africa,359420.0,552.0,71.36
Malawi,2012,4317650[2969000-6244000],8819[7290-10400],4317650,2969000.0,6244000.0,8819,7290.0,10400.0,Africa,1564984.0,5516.0,314.02
Mali,2012,6961475[4944000-9445000],19798[15500-24100],6961475,4944000.0,9445000.0,19798,15500.0,24100.0,Africa,886482.0,1894.0,435.65
Mauritania,2012,105626[24000-234000],1274[1090-1460],105626,24000.0,234000.0,1274,1090.0,1460.0,Africa,9037.0,106.0,28.42
Mozambique,2012,9576806[7090000-12950000],17343[14100-20600],9576806,7090000.0,12950000.0,17343,14100.0,20600.0,Africa,1813984.0,2818.0,381.78
Namibia,2012,5884[2700-9700],15[0-40],5884,2700.0,9700.0,15,0.0,40.0,Africa,194.0,4.0,3.36
Niger,2012,7660985[4461000-11860000],22040[16600-27400],7660985,4461000.0,11860000.0,22040,16600.0,27400.0,Africa,2239858.0,2825.0,430.51
Nigeria,2012,61587135[43510000-83800000],125290[98100-152000],61587135,43510000.0,83800000.0,125290,98100.0,152000.0,Africa,0.0,7734.0,347.74
Rwanda,2012,748975[596000-911000],3209[2840-3580],748975,596000.0,911000.0,3209,2840.0,3580.0,Africa,483470.0,459.0,71.46
Sao Tome and Principe,2012,12550,7,12550,12550.0,12550.0,7,7.0,7.0,Africa,12550.0,7.0,56.8
Senegal,2012,835134[570000-1128000],4256[3740-4770],835134,570000.0,1128000.0,4256,3740.0,4770.0,Africa,280241.0,649.0,56.92
Sierra Leone,2012,2849037[1799000-4171000],20678[18200-23100],2849037,1799000.0,4171000.0,20678,18200.0,23100.0,Africa,1537322.0,3611.0,447.47
South Africa,2012,5629,72,5629,5629.0,5629.0,72,72.0,72.0,Africa,5629.0,72.0,1.25
South Sudan,2012,1818297[1122000-2834000],5006[4300-5710],1818297,1122000.0,2834000.0,5006,4300.0,5710.0,Africa,225371.0,1321.0,232.68
Togo,2012,2399812[1634000-3435000],4676[3810-5540],2399812,1634000.0,3435000.0,4676,3810.0,5540.0,Africa,697374.0,1197.0,349.7
Uganda,2012,9074100[5816000-14490000],15821[12700-18900],9074100,5816000.0,14490000.0,15821,12700.0,18900.0,Africa,2662258.0,6585.0,331.77
United Republic of Tanzania,2012,5851532[3638000-8761000],20124[17700-22600],5851532,3638000.0,8761000.0,20124,17700.0,22600.0,Africa,1986955.0,7820.0,116.25
Zambia,2012,2681660[1807000-3828000],6865[5870-7860],2681660,1807000.0,3828000.0,6865,5870.0,7860.0,Africa,0.0,3705.0,203.08
Zimbabwe,2012,592186[408000-791000],1515[40-2980],592186,408000.0,791000.0,1515,40.0,2980.0,Africa,276963.0,351.0,57.22
Algeria,2011,1,0,1,1.0,1.0,0,0.0,0.0,Africa,1.0,0.0,0.0
Angola,2011,3040461[1910000-4456000],12763[9270-16300],3040461,1910000.0,4456000.0,12763,9270.0,16300.0,Africa,1632282.0,6909.0,175.99
Benin,2011,3515943[2362000-5240000],7554[5900-9210],3515943,2362000.0,5240000.0,7554,5900.0,9210.0,Africa,422968.0,1753.0,370.11
Botswana,2011,678[520-970],1[0-3],678,520.0,970.0,1,0.0,3.0,Africa,432.0,8.0,0.51
Burkina Faso,2011,9320362[6648000-12390000],40873[35100-46600],9320362,6648000.0,12390000.0,40873,35100.0,46600.0,Africa,428113.0,7001.0,539.56
Burundi,2011,1546912[916000-2506000],4724[3800-5660],1546912,916000.0,2506000.0,4724,3800.0,5660.0,Africa,1571874.0,2233.0,184.15
Cabo Verde,2011,7,1,7,7.0,7.0,1,1.0,1.0,Africa,7.0,1.0,0.05
Cameroon,2011,5462230[3592000-8136000],11848[9060-14600],5462230,3592000.0,8136000.0,11848,9060.0,14600.0,Africa,15212.0,3808.0,265.1
Central African Republic,2011,2118745[1003000-3588000],7426[6020-8830],2118745,1003000.0,3588000.0,7426,6020.0,8830.0,Africa,0.0,858.0,419.33
Chad,2011,3565593[2570000-4807000],12809[9660-16000],3565593,2570000.0,4807000.0,12809,9660.0,16000.0,Africa,181126.0,1220.0,210.48
Comoros,2011,24856,61[2-100],24856,24856.0,24856.0,61,2.0,100.0,Africa,24856.0,19.0,35.18
Côte d'Ivoire,2011,7525922[5095000-11190000],14960[12200-17700],7525922,5095000.0,11190000.0,14960,12200.0,17700.0,Africa,29976.0,1389.0,442.11
Democratic Republic of the Congo,2011,22535174[14950000-34200000],53765[41200-66300],22535174,14950000.0,34200000.0,53765,41200.0,66300.0,Africa,4561981.0,23748.0,399.59
Equatorial Guinea,2011,481385[302000-706000],1079[860-1300],481385,302000.0,706000.0,1079,860.0,1300.0,Africa,22466.0,52.0,342.4
Eritrea,2011,76678[49000-107000],142[9-290],76678,49000.0,107000.0,142,9.0,290.0,Africa,34848.0,12.0,23.86
Eswatini,2011,549,1[0-2],549,549.0,549.0,1,0.0,2.0,Africa,549.0,1.0,1.83
Ethiopia,2011,5094685[410000-22710000],8489[50-45000],5094685,410000.0,22710000.0,8489,50.0,45000.0,Africa,1480306.0,936.0,116.13
Gabon,2011,309019[145000-576000],438[380-490],309019,145000.0,576000.0,438,380.0,490.0,Africa,0.0,74.0,212.72
Gambia,2011,483793[400000-577000],631[530-730],483793,400000.0,577000.0,631,530.0,730.0,Africa,261967.0,440.0,257.26
Ghana,2011,9251148[6348000-13300000],14954[13000-16900],9251148,6348000.0,13300000.0,14954,13000.0,16900.0,Africa,1041260.0,3259.0,379.52
Guinea,2011,4455792[3236000-6069000],12479[9870-15100],4455792,3236000.0,6069000.0,12479,9870.0,15100.0,Africa,95574.0,743.0,426.9
Guinea-Bissau,2011,113666[56000-192000],664[560-770],113666,56000.0,192000.0,664,560.0,770.0,Africa,71982.0,472.0,140.55
Kenya,2011,2930265[1701000-4797000],11834[10400-13200],2930265,1701000.0,4797000.0,11834,10400.0,13200.0,Africa,1002805.0,713.0,67.86
Liberia,2011,1253129[785000-2007000],2554[2120-2980],1253129,785000.0,2007000.0,2554,2120.0,2980.0,Africa,1915762.0,0.0,330.41
Madagascar,2011,841836[524000-1225000],2155[60-4520],841836,524000.0,1225000.0,2155,60.0,4520.0,Africa,224498.0,398.0,36.55
Malawi,2011,4476529[3085000-6518000],9085[7480-10700],4476529,3085000.0,6518000.0,9085,7480.0,10700.0,Africa,304499.0,6674.0,362.78
Mali,2011,6279267[4466000-8577000],19409[15200-23600],6279267,4466000.0,8577000.0,19409,15200.0,23600.0,Africa,307035.0,2128.0,404.73
Mauritania,2011,171669[43000-357000],1250[1060-1440],171669,43000.0,357000.0,1250,1060.0,1440.0,Africa,5991.0,66.0,47.58
Mozambique,2011,8930459[6554000-12230000],17478[14100-20800],8930459,6554000.0,12230000.0,17478,14100.0,20800.0,Africa,1756874.0,3086.0,389.92
Namibia,2011,3671[2600-5400],9[0-20],3671,2600.0,5400.0,9,0.0,20.0,Africa,1860.0,36.0,2.13
Niger,2011,7323097[4124000-11200000],22258[16800-27800],7323097,4124000.0,11200000.0,22258,16800.0,27800.0,Africa,780876.0,2802.0,427.88
Nigeria,2011,60529456[43880000-82700000],136533[107000-166000],60529456,43880000.0,82700000.0,136533,107000.0,166000.0,Africa,0.0,3353.0,372.56
Rwanda,2011,401794[301000-511000],3218[2820-3620],401794,301000.0,511000.0,3218,2820.0,3620.0,Africa,208858.0,380.0,39.29
Sao Tome and Principe,2011,8442,19,8442,8442.0,8442.0,19,19.0,19.0,Africa,8442.0,19.0,45.75
Senegal,2011,709373[498000-942000],4271[3720-4820],709373,498000.0,942000.0,4271,3720.0,4820.0,Africa,274119.0,472.0,49.91
Sierra Leone,2011,3006695[1957000-4314000],22419[19500-25300],3006695,1957000.0,4314000.0,22419,19500.0,25300.0,Africa,638859.0,3573.0,453.65
South Africa,2011,9866,54,9866,9866.0,9866.0,54,54.0,54.0,Africa,9866.0,54.0,1.9
South Sudan,2011,1939487[1248000-2904000],5136[4380-5890],1939487,1248000.0,2904000.0,5136,4380.0,5890.0,Africa,112024.0,406.0,235.87
Togo,2011,2350507[1593000-3322000],4814[3910-5720],2350507,1593000.0,3322000.0,4814,3910.0,5720.0,Africa,519450.0,1314.0,313.4
Uganda,2011,10686032[7124000-16720000],18393[14700-22100],10686032,7124000.0,16720000.0,18393,14700.0,22100.0,Africa,231873.0,5958.0,385.7
United Republic of Tanzania,2011,6300351[3854000-9585000],20131[17600-22700],6300351,3854000.0,9585000.0,20131,17600.0,22700.0,Africa,2150761.0,11806.0,132.48
Zambia,2011,2298064[1550000-3291000],6688[5710-7660],2298064,1550000.0,3291000.0,6688,5710.0,7660.0,Africa,0.0,4540.0,186.7
Zimbabwe,2011,718725[473000-982000],1839[50-3720],718725,473000.0,982000.0,1839,50.0,3720.0,Africa,319935.0,451.0,70.68
Algeria,2010,1,1,1,1.0,1.0,1,1.0,1.0,Africa,1.0,1.0,0.0
Angola,2010,3125901[2009000-4595000],13351[9730-17000],3125901,2009000.0,4595000.0,13351,9730.0,17000.0,Africa,1682870.0,8114.0,185.52
Benin,2010,3713395[2495000-5565000],8273[6520-10000],3713395,2495000.0,5565000.0,8273,6520.0,10000.0,Africa,0.0,964.0,387.76
Botswana,2010,3072[1300-8600],7[0-30],3072,1300.0,8600.0,7,0.0,30.0,Africa,1046.0,8.0,1.69
Burkina Faso,2010,9221846[6578000-12230000],43695[37300-50100],9221846,6578000.0,12230000.0,43695,37300.0,50100.0,Africa,804539.0,9024.0,551.24
Burundi,2010,1608931[955000-2677000],4801[3840-5760],1608931,955000.0,2677000.0,4801,3840.0,5760.0,Africa,1763447.0,2677.0,210.2
Cabo Verde,2010,47,1,47,47.0,47.0,1,1.0,1.0,Africa,47.0,1.0,0.37
Cameroon,2010,5361329[3578000-7972000],12340[9450-15200],5361329,3578000.0,7972000.0,12340,9450.0,15200.0,Africa,0.0,4536.0,295.53
Central African Republic,2010,2140887[1060000-3519000],8165[6590-9730],2140887,1060000.0,3519000.0,8165,6590.0,9730.0,Africa,0.0,526.0,434.51
Chad,2010,3594883[2594000-4735000],13695[10300-17000],3594883,2594000.0,4735000.0,13695,10300.0,17000.0,Africa,200448.0,886.0,225.94
Comoros,2010,36538,90[3-140],36538,36538.0,36538.0,90,3.0,140.0,Africa,36538.0,53.0,52.98
Côte d'Ivoire,2010,7939844[5391000-11380000],16925[13800-20000],7939844,5391000.0,11380000.0,16925,13800.0,20000.0,Africa,62726.0,1023.0,469.27
Democratic Republic of the Congo,2010,23691683[16060000-35620000],62375[48100-76600],23691683,16060000.0,35620000.0,62375,48100.0,76600.0,Africa,2417780.0,23476.0,428.31
Equatorial Guinea,2010,381639[239000-558000],1047[840-1260],381639,239000.0,558000.0,1047,840.0,1260.0,Africa,53813.0,30.0,339.99
Eritrea,2010,83471[53000-119000],161[9-330],83471,53000.0,119000.0,161,9.0,330.0,Africa,35982.0,27.0,26.33
Eswatini,2010,268,0[0-1],268,268.0,268.0,0,0.0,1.0,Africa,268.0,8.0,0.9
Ethiopia,2010,7701107[478000-27080000],14514[60-64700],7701107,478000.0,27080000.0,14514,60.0,64700.0,Africa,1158197.0,1581.0,128.4
Gabon,2010,285725[130000-549000],413[360-460],285725,130000.0,549000.0,413,360.0,460.0,Africa,13936.0,182.0,177.82
Gambia,2010,465479[367000-580000],619[520-720],465479,367000.0,580000.0,619,520.0,720.0,Africa,116353.0,151.0,289.27
Ghana,2010,9171294[6265000-13160000],15241[13200-17300],9171294,6265000.0,13160000.0,15241,13200.0,17300.0,Africa,1071637.0,3859.0,364.15
Guinea,2010,4348149[3111000-5940000],12896[10200-15600],4348149,3111000.0,5940000.0,12896,10200.0,15600.0,Africa,20936.0,735.0,414.66
Guinea-Bissau,2010,122027[67000-203000],664[550-770],122027,67000.0,203000.0,664,550.0,770.0,Africa,50391.0,296.0,134.37
Kenya,2010,2845913[1647000-4630000],11375[10000-12700],2845913,1647000.0,4630000.0,11375,10000.0,12700.0,Africa,898531.0,26017.0,67.71
Liberia,2010,1295630[838000-2051000],2764[2280-3250],1295630,838000.0,2051000.0,2764,2280.0,3250.0,Africa,922173.0,1422.0,345.77
Madagascar,2010,937413[559000-1501000],2399[70-5360],937413,559000.0,1501000.0,2399,70.0,5360.0,Africa,202450.0,427.0,42.24
Malawi,2010,4602005[3214000-6681000],9506[7800-11200],4602005,3214000.0,6681000.0,9506,7800.0,11200.0,Africa,0.0,8206.0,386.02
Mali,2010,5772983[4132000-7960000],17725[13900-21600],5772983,4132000.0,7960000.0,17725,13900.0,21600.0,Africa,227482.0,3006.0,383.6
Mauritania,2010,128567[21000-287000],1226[1040-1410],128567,21000.0,287000.0,1226,1040.0,1410.0,Africa,6367.0,60.0,38.83
Mozambique,2010,8455521[6102000-11640000],17542[14200-20900],8455521,6102000.0,11640000.0,17542,14200.0,20900.0,Africa,1522577.0,3354.0,398.41
Namibia,2010,2601[800-6200],6[0-20],2601,800.0,6200.0,6,0.0,20.0,Africa,556.0,63.0,1.54
Niger,2010,7007707[3855000-10710000],21750[16400-27200],7007707,3855000.0,10710000.0,21750,16400.0,27200.0,Africa,620058.0,3929.0,425.64
Nigeria,2010,60749349[43800000-83240000],146734[115000-179000],60749349,43800000.0,83240000.0,146734,115000.0,179000.0,Africa,551187.0,4238.0,398.9
Rwanda,2010,1260186[848000-1729000],3253[2820-3690],1260186,848000.0,1729000.0,3253,2820.0,3690.0,Africa,638669.0,670.0,126.31
Sao Tome and Principe,2010,2740,14,2740,2740.0,2740.0,14,14.0,14.0,Africa,2740.0,14.0,15.19
Senegal,2010,792643[563000-1046000],4284[3710-4860],792643,563000.0,1046000.0,4284,3710.0,4860.0,Africa,330331.0,553.0,59.28
Sierra Leone,2010,3031470[1954000-4234000],23575[20400-26800],3031470,1954000.0,4234000.0,23575,20400.0,26800.0,Africa,934028.0,8188.0,458.74
South Africa,2010,8060,83,8060,8060.0,8060.0,83,83.0,83.0,Africa,8060.0,83.0,1.57
South Sudan,2010,1940101[1283000-2836000],5286[4470-6110],1940101,1283000.0,2836000.0,5286,4470.0,6110.0,Africa,900283.0,1053.0,243.97
Togo,2010,2366948[1580000-3356000],5064[4100-6030],2366948,1580000.0,3356000.0,5064,4100.0,6030.0,Africa,617101.0,1507.0,308.88
Uganda,2010,11503116[7618000-17700000],21558[17200-26000],11503116,7618000.0,17700000.0,21558,17200.0,26000.0,Africa,1581160.0,8431.0,417.35
United Republic of Tanzania,2010,6545932[3955000-9995000],20281[17600-23000],6545932,3955000.0,9995000.0,20281,17600.0,23000.0,Africa,1278998.0,15867.0,145.46
Zambia,2010,2169307[1449000-3095000],6544[5580-7510],2169307,1449000.0,3095000.0,6544,5580.0,7510.0,Africa,0.0,4834.0,177.02
Zimbabwe,2010,1095083[606000-1717000],2803[80-6190],1095083,606000.0,1717000.0,2803,80.0,6190.0,Africa,249379.0,255.0,109.43
